{
    "b": [
        20.5,
        261.0,
        1168.5
    ],
    "A": [
        0.060750000000000005,
        9.782608695652174e-05,
        -0.030858695652173914,
        -0.006086956521739131,
        0.06567391304347826,
        0.016782608695652176,
        0.010271739130434783,
        0.008815217391304348,
        0.09311956521739131
    ]
}