{
    "mission_param": {
        "home_lat": 47.459285,
        "home_lon": -0.591826,
        "Gamma0": [
            10,
            10,
            1,
            10,
            10
        ],
        "Gamma_alpha": [
            0.5,
            0.5,
            0.1,
            0.0001,
            0.0001
        ],
        "Gamma_beta": [
            0.1,
            0.1
        ],
        "dt": 0.1,
        "duration_mission_max": 1800
    }
}
