{
    "mission_param": {
        "home_lat": 48.41806667,
        "home_lon": -4.4733416,
        "Gamma0": [
            10,
            10,
            1,
            10,
            10
        ],
        "Gamma_alpha": [
            0.5,
            0.5,
            0.1,
            0.0001,
            0.0001
        ],
        "Gamma_beta": [
            0.1,
            0.1
        ],
        "dt": 0.1,
        "duration_mission_max": 60,
        "d": 9
    }
}
