{
    "A": [
        0.060010869565217395,
        -0.004684782608695652,
        0.020358695652173915,
        0.006032608695652174,
        0.06481521739130436,
        0.01598913043478261,
        0.005478260869565218,
        0.009608695652173914,
        0.10189130434782609
    ],
    "b": [
        -84.5,
        383.5,
        1349.0
    ]
}