{
    "b": [
        -430.5,
        1595.5,
        -7541.0
    ],
    "A": [
        -0.060206521739130436,
        0.010532608695652175,
        -0.004880434782608696,
        0.005554347826086957,
        0.06368478260869566,
        0.007141304347826088,
        -0.0026521739130434784,
        -0.01608695652173913,
        -0.10600000000000001
    ]
}