{
    "b": [
        -175.0,
        2066.5,
        -1257.0
    ],
    "A": [
        -0.051847826086956525,
        -0.03680434782608696,
        -0.029978260869565218,
        -0.020880434782608696,
        0.05603260869565218,
        -0.02316304347826087,
        -0.0036521739130434784,
        -0.007369565217391305,
        0.013760869565217392
    ]
}