{
    "A": [
        -0.07002174,
        0.0021087,
        0.01265217,
        -0.00815217,
        0.06452174,
        -0.00156522,
        -0.0041413,
        0.00055435,
        -0.07346739
    ],
    "b": [
        32.0,
        1176.0,
        -4394.5
    ]
}
