{
    "A": [
        -0.05736956521739131,
        0.015695652173913045,
        -0.0035869565217391307,
        -0.0023478260869565218,
        0.02647826086956522,
        0.0025,
        -0.005423913043478262,
        -0.0923804347826087,
        -0.10353260869565219
    ],
    "b": [
        -1341.0,
        1569.0,
        -7279.5
    ]
}