{
    "A": [
        -0.060119565217391306,
        -0.012945652173913044,
        -0.009967391304347827,
        -0.010293478260869566,
        0.05761956521739131,
        0.003489130434782609,
        0.002771739130434783,
        -0.006010869565217391,
        -0.10042391304347827
    ],
    "b": [
        -3435.5,
        3464.5,
        -6707.5
    ]
}