{
    "A": [
        -0.05703260869565218,
        0.006684782608695652,
        -0.005423913043478262,
        0.01,
        0.052413043478260875,
        -0.0059347826086956525,
        -0.003597826086956522,
        -0.036119565217391306,
        -0.10433695652173913
    ],
    "b": [
        -3742.5,
        4228.0,
        -6949.5
    ]
}