{
    "b": [
        1670.5,
        620.0,
        -1804.0
    ],
    "A": [
        -0.06218478260869566,
        -0.0013804347826086958,
        0.0041413043478260875,
        -0.004434782608695653,
        0.059260869565217394,
        0.005608695652173913,
        -0.00891304347826087,
        -0.019043478260869568,
        -0.09960869565217392
    ]
}